image_path,class_label,attributes,caption,split,instance_id
images/team9_calculator_01_a.jpg,calculator,color:black;material:plastic;condition:new;size:medium,A blue plastic calculator on a cracked white surface.,train,team9_calculator_01
images/team9_calculator_01_b.jpg,calculator,color:black;material:plastic;condition:new;size:medium,A dark plastic calculator with colorful buttons.,train,team9_calculator_01
images/team9_calculator_01_c.jpg,calculator,color:black;material:plastic;condition:new;size:medium,The back of a dark blue plastic calculator.,train,team9_calculator_01
images/team9_calculator_01_d.jpg,calculator,color:black;material:plastic;condition:new;size:medium,A dark gray plastic calculator with its case.,train,team9_calculator_01
images/team9_calculator_01_e.jpg,calculator,color:black;material:plastic;condition:new;size:medium,A dark gray plastic calculator on a white notebook.,train,team9_calculator_01
images/team9_calculator_02_a.jpg,calculator,color:black;material:plastic;condition:new;size:medium,The bottom of a dark gray plastic calculator.,val,team9_calculator_02
images/team9_calculator_02_b.jpg,calculator,color:black;material:plastic;condition:new;size:medium,A black plastic calculator with blue buttons.,val,team9_calculator_02
images/team9_calculator_02_c.jpg,calculator,color:black;material:plastic;condition:new;size:medium,A black plastic calculator with colorful buttons.,val,team9_calculator_02
images/team9_calculator_02_d.jpg,calculator,color:black;material:plastic;condition:new;size:medium,A black plastic calculator on a white notebook.,val,team9_calculator_02
images/team9_calculator_03_a.jpg,calculator,color:multicolor;material:plastic;condition:new;size:medium,A cream-colored plastic calculator with pastel buttons.,train,team9_calculator_03
images/team9_calculator_03_b.jpg,calculator,color:multicolor;material:plastic;condition:new;size:medium,A white plastic calculator with colorful pastel buttons.,train,team9_calculator_03
images/team9_calculator_03_c.jpg,calculator,color:multicolor;material:plastic;condition:new;size:medium,A white plastic calculator with pastel buttons and an orange bottom.,train,team9_calculator_03
images/team9_calculator_03_d.jpg,calculator,color:multicolor;material:plastic;condition:new;size:medium,A white plastic calculator with pastel buttons.,train,team9_calculator_03
images/team9_calculator_04_a.jpg,calculator,color:black;material:plastic;condition:new;size:medium,A black plastic calculator with a clear screen.,train,team9_calculator_04
images/team9_calculator_04_b.jpg,calculator,color:black;material:plastic;condition:new;size:medium,A black plastic calculator and its case.,train,team9_calculator_04
images/team9_calculator_04_c.jpg,calculator,color:black;material:plastic;condition:new;size:medium,"A black plastic calculator, tilted to the side.",train,team9_calculator_04
images/team9_calculator_04_d.jpg,calculator,color:black;material:plastic;condition:new;size:medium,The back of a dark gray plastic calculator case.,train,team9_calculator_04
images/team9_calculator_04_e.jpg,calculator,color:black;material:plastic;condition:new;size:medium,A dark gray plastic calculator with a green screen.,train,team9_calculator_04
images/team9_calculator_05_a.jpg,calculator,color:white;material:plastic;condition:new;size:medium,A gray plastic device with blue buttons.,val,team9_calculator_05
images/team9_calculator_05_b.jpg,calculator,color:white;material:plastic;condition:new;size:medium,A silver-gray plastic calculator with blue and orange buttons.,val,team9_calculator_05
images/team9_calculator_05_c.jpg,calculator,color:white;material:plastic;condition:new;size:medium,A gray plastic calculator with colorful buttons.,val,team9_calculator_05
images/team9_calculator_05_d.jpg,calculator,color:white;material:plastic;condition:new;size:medium,A light gray plastic calculator with colorful buttons.,val,team9_calculator_05
images/team9_calculator_05_e.jpg,calculator,color:white;material:plastic;condition:new;size:medium,A gray plastic calculator with colorful buttons.,val,team9_calculator_05
images/team9_calculator_06_a.jpg,calculator,color:white;material:plastic;condition:new;size:medium,A small black and white plastic calculator.,train,team9_calculator_06
images/team9_calculator_06_b.jpg,calculator,color:white;material:plastic;condition:new;size:medium,A black plastic calculator with white buttons and a metal border.,train,team9_calculator_06
images/team9_calculator_06_c.jpg,calculator,color:white;material:plastic;condition:new;size:medium,A white and black plastic solar calculator.,train,team9_calculator_06
images/team9_calculator_06_d.jpg,calculator,color:white;material:plastic;condition:new;size:medium,A white plastic calculator in its clear packaging.,train,team9_calculator_06
images/team9_calculator_06_e.jpg,calculator,color:white;material:plastic;condition:new;size:medium,The back of a white plastic calculator.,train,team9_calculator_06
images/team9_calculator_07_a.jpg,calculator,color:multicolor;material:plastic;condition:new;size:medium,A white plastic calculator with round pastel buttons.,train,team9_calculator_07
images/team9_calculator_07_b.jpg,calculator,color:multicolor;material:plastic;condition:new;size:medium,A white plastic calculator with round pastel keys.,train,team9_calculator_07
images/team9_calculator_07_c.jpg,calculator,color:multicolor;material:plastic;condition:new;size:medium,A white plastic calculator with round pastel keys.,train,team9_calculator_07
images/team9_calculator_07_d.jpg,calculator,color:multicolor;material:plastic;condition:new;size:medium,A white plastic calculator with colorful round keys.,train,team9_calculator_07
images/team9_calculator_07_e.jpg,calculator,color:multicolor;material:plastic;condition:new;size:medium,A white plastic calculator with colorful pastel keys.,train,team9_calculator_07
images/team9_calculator_08_a.jpg,calculator,color:black;material:plastic;condition:new;size:medium,A dark blue plastic calculator with gray buttons.,val,team9_calculator_08
images/team9_calculator_08_b.jpg,calculator,color:black;material:plastic;condition:new;size:medium,A dark gray plastic calculator with blue buttons.,val,team9_calculator_08
images/team9_calculator_08_c.jpg,calculator,color:black;material:plastic;condition:new;size:medium,A dark blue plastic calculator with gray buttons.,val,team9_calculator_08
images/team9_calculator_09_a.jpg,calculator,color:multicolor;material:plastic;condition:new;size:medium,A pink plastic calculator with coral buttons.,train,team9_calculator_09
images/team9_calculator_09_b.jpg,calculator,color:multicolor;material:plastic;condition:new;size:medium,A pink plastic calculator with coral buttons.,train,team9_calculator_09
images/team9_calculator_09_c.jpg,calculator,color:multicolor;material:plastic;condition:new;size:medium,A pink plastic calculator with round keys.,train,team9_calculator_09
images/team9_calculator_10_a.jpg,calculator,color:multicolor;material:plastic;condition:new;size:medium,A yellow plastic calculator with colorful round keys.,train,team9_calculator_10
images/team9_calculator_10_b.jpg,calculator,color:multicolor;material:plastic;condition:new;size:medium,A hand holding a yellow plastic calculator with colorful buttons.,train,team9_calculator_10
images/team9_calculator_10_c.jpg,calculator,color:multicolor;material:plastic;condition:new;size:medium,Pastel plastic calculators with colorful round keys.,train,team9_calculator_10
images/team9_calculator_10_d.jpg,calculator,color:multicolor;material:plastic;condition:new;size:medium,A cream-colored plastic calculator with round pastel buttons.,train,team9_calculator_10
images/team9_calculator_10_e.jpg,calculator,color:multicolor;material:plastic;condition:new;size:medium,A yellow plastic calculator with colorful round keys.,train,team9_calculator_10
images/team9_calculator_11_a.jpg,calculator,color:black;material:plastic;condition:new;size:medium,A dark plastic calculator with gray and orange buttons.,train,team9_calculator_11
images/team9_calculator_11_b.jpg,calculator,color:black;material:plastic;condition:new;size:medium,A black plastic calculator with orange and gray buttons.,train,team9_calculator_11
images/team9_calculator_11_c.jpg,calculator,color:black;material:plastic;condition:new;size:medium,A dark gray plastic calculator with an orange button.,train,team9_calculator_11
images/team9_calculator_11_d.jpg,calculator,color:black;material:plastic;condition:new;size:medium,The bottom of a black plastic device.,train,team9_calculator_11
images/team9_calculator_12_a.jpg,calculator,color:black;material:plastic;condition:new;size:medium,A black plastic calculator with a green writing pad and pen.,train,team9_calculator_12
images/team9_calculator_12_b.jpg,calculator,color:black;material:plastic;condition:new;size:medium,A person holding a black plastic calculator and writing tablet.,train,team9_calculator_12
images/team9_calculator_12_c.jpg,calculator,color:black;material:plastic;condition:new;size:medium,A black plastic calculator.,train,team9_calculator_12
images/team9_calculator_12_d.jpg,calculator,color:black;material:plastic;condition:new;size:medium,The bottom of a black plastic device.,train,team9_calculator_12
images/team9_calculator_13_a.jpg,calculator,color:white;material:plastic;condition:new;size:medium,A white plastic calculator with teal keys.,train,team9_calculator_13
images/team9_calculator_13_b.jpg,calculator,color:white;material:plastic;condition:new;size:medium,A white plastic calculator with teal buttons.,train,team9_calculator_13
images/team9_calculator_13_c.jpg,calculator,color:white;material:plastic;condition:new;size:medium,A white plastic calculator with teal keys on a cracked surface.,train,team9_calculator_13
images/team9_calculator_14_a.jpg,calculator,color:black;material:plastic;condition:new;size:medium,A black plastic calculator with a white border.,train,team9_calculator_14
images/team9_calculator_14_b.jpg,calculator,color:black;material:plastic;condition:new;size:medium,A black plastic calculator with white keys.,train,team9_calculator_14
images/team9_calculator_14_c.jpg,calculator,color:black;material:plastic;condition:new;size:medium,A black plastic calculator with metal details on a wood surface.,train,team9_calculator_14
images/team9_calculator_14_d.jpg,calculator,color:black;material:plastic;condition:new;size:medium,A black plastic calculator in its white case.,train,team9_calculator_14
images/team9_calculator_14_e.jpg,calculator,color:black;material:plastic;condition:new;size:medium,A hand holding a black calculator in a white case.,train,team9_calculator_14
images/team9_cap_01_a.jpg,cap,color:multicolor;material:fabric;condition:new;size:large,cap side view,train,team9_cap_01
images/team9_cap_01_b.jpg,cap,color:multicolor;material:fabric;condition:new;size:large,cap side view,train,team9_cap_01
images/team9_cap_02_a.jpg,cap,color:blue;material:fabric;condition:new;size:large,cap front view,val,team9_cap_02
images/team9_cap_03_a.jpg,cap,color:blue;material:fabric;condition:new;size:large,cap front view,train,team9_cap_03
images/team9_cap_03_b.jpg,cap,color:blue;material:fabric;condition:new;size:large,cap bottom view,train,team9_cap_03
images/team9_cap_04_a.jpg,cap,color:blue;material:fabric;condition:new;size:large,cap with logo,val,team9_cap_04
images/team9_cap_05_a.jpg,cap,color:blue;material:fabric;condition:new;size:large,cap with puma logo,train,team9_cap_05
images/team9_cap_05_b.jpg,cap,color:blue;material:fabric;condition:new;size:large,cap with puma logo,train,team9_cap_05
images/team9_cap_06_a.jpg,cap,color:blue;material:fabric;condition:used;size:medium,cap with white logo,train,team9_cap_06
images/team9_cap_06_b.jpg,cap,color:blue;material:fabric;condition:used;size:medium,cap on table,train,team9_cap_06
images/team9_cap_06_c.jpg,cap,color:blue;material:fabric;condition:used;size:medium,cap side view,train,team9_cap_06
images/team9_cap_06_d.jpg,cap,color:blue;material:fabric;condition:used;size:medium,cap with logo,train,team9_cap_06
images/team9_cap_07_a.jpg,cap,color:blue;material:fabric;condition:used;size:medium,cap side view,train,team9_cap_07
images/team9_cap_07_b.jpg,cap,color:blue;material:fabric;condition:used;size:medium,cap upside down,train,team9_cap_07
images/team9_cap_07_c.jpg,cap,color:blue;material:fabric;condition:used;size:medium,cap upside down,train,team9_cap_07
images/team9_cap_07_d.jpg,cap,color:blue;material:fabric;condition:used;size:medium,cap front top view,train,team9_cap_07
images/team9_cap_07_e.jpg,cap,color:blue;material:fabric;condition:used;size:medium,cap top view,train,team9_cap_07
images/team9_cap_08_a.jpg,cap,color:black;material:fabric;condition:used;size:unknown,hat top view,val,team9_cap_08
images/team9_cap_08_b.jpg,cap,color:black;material:fabric;condition:used;size:unknown,hat bottom view,val,team9_cap_08
images/team9_cap_08_c.jpg,cap,color:black;material:fabric;condition:used;size:unknown,hat from top,val,team9_cap_08
images/team9_cap_09_a.jpg,cap,color:unknown;material:fabric;condition:used;size:medium,cap upside down,train,team9_cap_09
images/team9_cap_09_b.jpg,cap,color:unknown;material:fabric;condition:used;size:medium,cap upside down,train,team9_cap_09
images/team9_cap_09_c.jpg,cap,color:unknown;material:fabric;condition:used;size:medium,cap front view,train,team9_cap_09
images/team9_cap_09_d.jpg,cap,color:unknown;material:fabric;condition:used;size:medium,cap front view,train,team9_cap_09
images/team9_cap_10_a.jpg,cap,color:blue;material:fabric;condition:used;size:medium,blue cap top view,train,team9_cap_10
images/team9_cap_10_b.jpg,cap,color:blue;material:fabric;condition:used;size:medium,blue cap bottom view,train,team9_cap_10
images/team9_cap_10_c.jpg,cap,color:blue;material:fabric;condition:used;size:medium,blue cap bottom view,train,team9_cap_10
images/team9_cap_10_d.jpg,cap,color:blue;material:fabric;condition:used;size:medium,blue cap top view,train,team9_cap_10
images/team9_cap_10_e.jpg,cap,color:blue;material:fabric;condition:used;size:medium,blue cap with logo,train,team9_cap_10
images/team9_cap_11_a.jpg,cap,color:unknown;material:fabric;condition:used;size:medium,cap with white logo,train,team9_cap_11
images/team9_cap_11_b.jpg,cap,color:unknown;material:fabric;condition:used;size:medium,designer cap with white logo,train,team9_cap_11
images/team9_cap_11_c.jpg,cap,color:unknown;material:fabric;condition:used;size:medium,designer cap with white logo,train,team9_cap_11
images/team9_cap_11_d.jpg,cap,color:unknown;material:fabric;condition:used;size:medium,designer cap top view,train,team9_cap_11
images/team9_cap_12_a.jpg,cap,color:blue;material:fabric;condition:used;size:medium,cap bottom view,train,team9_cap_12
images/team9_cap_12_b.jpg,cap,color:blue;material:fabric;condition:used;size:medium,cap puma logo,train,team9_cap_12
images/team9_cap_12_c.jpg,cap,color:blue;material:fabric;condition:used;size:medium,hanging cap puma logo,train,team9_cap_12
images/team9_cap_12_d.jpg,cap,color:blue;material:fabric;condition:used;size:medium,cap puma logo,train,team9_cap_12
images/team9_cap_12_e.jpg,cap,color:blue;material:fabric;condition:used;size:medium,cap puma logo,train,team9_cap_12
images/team9_cap_13_a.jpg,cap,color:silver;material:fabric;condition:used;size:large,cap on table,val,team9_cap_13
images/team9_cap_13_b.jpg,cap,color:silver;material:fabric;condition:used;size:large,cap top view,val,team9_cap_13
images/team9_cap_13_c.jpg,cap,color:silver;material:fabric;condition:used;size:large,cap side view,val,team9_cap_13
images/team9_cap_14_a.jpg,cap,color:blue;material:fabric;condition:used;size:small,cap with net bottom,train,team9_cap_14
images/team9_cap_14_b.jpg,cap,color:blue;material:fabric;condition:used;size:small,cap with net bottom,train,team9_cap_14
images/team9_cap_14_c.jpg,cap,color:blue;material:fabric;condition:used;size:small,cap back side view,train,team9_cap_14
images/team9_cap_14_d.jpg,cap,color:blue;material:fabric;condition:used;size:small,cap side view,train,team9_cap_14
images/team9_cap_14_e.jpg,cap,color:blue;material:fabric;condition:used;size:small,cap top view,train,team9_cap_14
images/team9_cap_15_a.jpg,cap,color:white;material:fabric;condition:used;size:medium,cap top view,val,team9_cap_15
images/team9_cap_15_b.jpg,cap,color:white;material:fabric;condition:used;size:medium,cap side view,val,team9_cap_15
images/team9_cap_15_c.jpg,cap,color:white;material:fabric;condition:used;size:medium,cap top view,val,team9_cap_15
images/team9_cap_15_d.jpg,cap,color:white;material:fabric;condition:used;size:medium,cap top view,val,team9_cap_15
images/team9_cap_16_a.jpg,cap,color:blue;material:fabric;condition:used;size:medium,cap side view,train,team9_cap_16
images/team9_cap_16_b.jpg,cap,color:blue;material:fabric;condition:used;size:medium,cap back side view,train,team9_cap_16
images/team9_cap_16_c.jpg,cap,color:blue;material:fabric;condition:used;size:medium,cap on table,train,team9_cap_16
images/team9_cap_16_d.jpg,cap,color:blue;material:fabric;condition:used;size:medium,cap with B logo,train,team9_cap_16
images/team9_cap_16_e.jpg,cap,color:blue;material:fabric;condition:used;size:medium,tilted cap,train,team9_cap_16
images/team9_cap_17_a.jpg,cap,color:unknown;material:fabric;condition:used;size:medium,cap on table,train,team9_cap_17
images/team9_cap_17_b.jpg,cap,color:unknown;material:fabric;condition:used;size:medium,cap on table,train,team9_cap_17
images/team9_cap_17_c.jpg,cap,color:unknown;material:fabric;condition:used;size:medium,cap on table,train,team9_cap_17
images/team9_cap_17_d.jpg,cap,color:unknown;material:fabric;condition:used;size:medium,cap side view,train,team9_cap_17
images/team9_cap_17_e.jpg,cap,color:unknown;material:fabric;condition:used;size:medium,cap front view,train,team9_cap_17
images/team9_cup_01_a.jpg,Cup,color:black;material:plastic;condition:new;size:medium,A dark ceramic mug being filled with coffee.,train,team9_cup_01
images/team9_cup_01_b.jpg,Cup,color:black;material:plastic;condition:new;size:medium,A dark ceramic mug.,train,team9_cup_01
images/team9_cup_01_c.jpg,Cup,color:black;material:plastic;condition:new;size:medium,A dark mug with coffee on a wood surface.,train,team9_cup_01
images/team9_cup_01_d.jpg,Cup,color:black;material:plastic;condition:new;size:medium,A dark ceramic mug with coffee and beans.,train,team9_cup_01
images/team9_cup_01_e.jpg,Cup,color:black;material:plastic;condition:new;size:medium,Hands holding a dark ceramic mug.,train,team9_cup_01
images/team9_cup_02_a.jpg,Cup,color:green;material:ceramic;condition:new;size:medium,A green cup held up outside.,train,team9_cup_02
images/team9_cup_02_b.jpg,Cup,color:green;material:ceramic;condition:new;size:medium,A speckled dark green pot.,train,team9_cup_02
images/team9_cup_02_c.jpg,Cup,color:green;material:ceramic;condition:new;size:medium,A wood stirrer in a dark drink inside a green cup.,train,team9_cup_02
images/team9_cup_02_d.jpg,Cup,color:green;material:ceramic;condition:new;size:medium,A speckled green cup of tea next to a laptop.,train,team9_cup_02
images/team9_cup_03_a.jpg,Cup,color:white;material:metal;condition:new;size:medium,A white mug that says 'Blessed' on a black book.,val,team9_cup_03
images/team9_cup_03_b.jpg,Cup,color:white;material:metal;condition:new;size:medium,A white mug with a gray rim that says 'Blessed'.,val,team9_cup_03
images/team9_cup_03_c.jpg,Cup,color:white;material:metal;condition:new;size:medium,A white mug with a silver rim on a log.,val,team9_cup_03
images/team9_cup_03_d.jpg,Cup,color:white;material:metal;condition:new;size:medium,A white mug with a silver rim.,val,team9_cup_03
images/team9_cup_03_e.jpg,Cup,color:white;material:metal;condition:new;size:medium,A white mug that says 'Blessed' on a dark surface.,val,team9_cup_03
images/team9_cup_04_a.jpg,Cup,color:green;material:ceramic;condition:new;size:medium,A dark green ceramic mug.,train,team9_cup_04
images/team9_cup_04_b.jpg,Cup,color:green;material:ceramic;condition:new;size:medium,A dark green ceramic mug with an off-white bottom.,train,team9_cup_04
images/team9_cup_04_c.jpg,Cup,color:green;material:ceramic;condition:new;size:medium,"A dark green ceramic mug, showing the empty inside.",train,team9_cup_04
images/team9_cup_04_d.jpg,Cup,color:green;material:ceramic;condition:new;size:medium,A dark green ceramic mug.,train,team9_cup_04
images/team9_cup_05_a.jpg,Cup,color:green;material:ceramic;condition:new;size:medium,A pale green ceramic mug.,train,team9_cup_05
images/team9_cup_05_b.jpg,Cup,color:green;material:ceramic;condition:new;size:medium,A speckled light green ceramic mug on a wood table.,train,team9_cup_05
images/team9_cup_05_c.jpg,Cup,color:green;material:ceramic;condition:new;size:medium,A hand stirring coffee in a green mug.,train,team9_cup_05
images/team9_cup_05_d.jpg,Cup,color:green;material:ceramic;condition:new;size:medium,A speckled light green ceramic mug.,train,team9_cup_05
images/team9_cup_06_a.jpg,Cup,color:white;material:ceramic;condition:new;size:medium,A cream-colored ceramic mug with blue heart and flower designs.,train,team9_cup_06
images/team9_cup_06_b.jpg,Cup,color:white;material:ceramic;condition:new;size:medium,A white ceramic mug with blue hearts and flowers.,train,team9_cup_06
images/team9_cup_06_c.jpg,Cup,color:white;material:ceramic;condition:new;size:medium,A cream-colored ceramic mug with dark blue designs.,train,team9_cup_06
images/team9_cup_06_d.jpg,Cup,color:white;material:ceramic;condition:new;size:medium,A cream-colored ceramic mug with blue hearts and stripes.,train,team9_cup_06
images/team9_cup_07_a.jpg,Cup,color:transparent;material:glass;condition:new;size:medium,A clear glass mug with a drink in it.,train,team9_cup_07
images/team9_cup_07_b.jpg,Cup,color:transparent;material:glass;condition:new;size:medium,A hand holding a clear glass mug of tea.,train,team9_cup_07
images/team9_cup_07_c.jpg,Cup,color:transparent;material:glass;condition:new;size:medium,Hot tea in a clear glass mug outdoors.,train,team9_cup_07
images/team9_cup_07_d.jpg,Cup,color:transparent;material:glass;condition:new;size:medium,Coffee in a clear glass cup.,train,team9_cup_07
images/team9_cup_07_e.jpg,Cup,color:transparent;material:glass;condition:new;size:medium,An empty clear glass mug.,train,team9_cup_07
images/team9_cup_08_a.jpg,Cup,color:white;material:ceramic;condition:new;size:medium,A cream-colored mug with a bird and flower design.,val,team9_cup_08
images/team9_cup_08_b.jpg,Cup,color:white;material:ceramic;condition:new;size:medium,A white mug with a bird and flower design.,val,team9_cup_08
images/team9_cup_08_c.jpg,Cup,color:white;material:ceramic;condition:new;size:medium,A cream-colored mug with a bird and orange flowers.,val,team9_cup_08
images/team9_cup_08_d.jpg,Cup,color:white;material:ceramic;condition:new;size:medium,A white mug with a bird and flower drawing.,val,team9_cup_08
images/team9_cup_09_a.jpg,Cup,color:white;material:ceramic;condition:new;size:medium,A white mug with pink and gray flowers.,train,team9_cup_09
images/team9_cup_09_b.jpg,Cup,color:white;material:ceramic;condition:new;size:medium,The bottom of a white mug.,train,team9_cup_09
images/team9_cup_09_c.jpg,Cup,color:white;material:ceramic;condition:new;size:medium,A white cup with a pink flower and gray leaves.,train,team9_cup_09
images/team9_cup_09_d.jpg,Cup,color:white;material:ceramic;condition:new;size:medium,A white cup with bright pink flowers.,train,team9_cup_09
images/team9_cup_09_e.jpg,Cup,color:white;material:ceramic;condition:new;size:medium,A white mug with a pink and gray flower design.,train,team9_cup_09
images/team9_cup_10_a.jpg,Cup,color:white;material:ceramic;condition:used;size:medium,A white and gold mug with a cracked pattern.,val,team9_cup_10
images/team9_cup_10_b.jpg,Cup,color:white;material:ceramic;condition:used;size:medium,A shiny gold and white mug with a cracked pattern.,val,team9_cup_10
images/team9_cup_10_c.jpg,Cup,color:white;material:ceramic;condition:used;size:medium,A white cup with a gold rim and cracked pattern.,val,team9_cup_10
images/team9_cup_10_d.jpg,Cup,color:white;material:ceramic;condition:used;size:medium,A white mug with a gold cracked pattern.,val,team9_cup_10
images/team9_cup_10_e.jpg,Cup,color:white;material:ceramic;condition:used;size:medium,A white mug with a gold handle and cracked pattern.,val,team9_cup_10
images/team9_cup_11_a.jpg,Cup,color:transparent;material:glass;condition:used;size:medium,A clear glass mug on brown fabric.,train,team9_cup_11
images/team9_cup_11_b.jpg,Cup,color:transparent;material:glass;condition:used;size:medium,An empty clear glass mug.,train,team9_cup_11
images/team9_cup_11_c.jpg,Cup,color:transparent;material:glass;condition:used;size:medium,A clear glass mug reflecting light.,train,team9_cup_11
images/team9_cup_11_d.jpg,Cup,color:transparent;material:glass;condition:used;size:medium,An empty clear glass mug from above.,train,team9_cup_11
images/team9_cup_11_e.jpg,Cup,color:transparent;material:glass;condition:used;size:medium,A clear glass dish with a divider.,train,team9_cup_11
images/team9_cup_12_a.jpg,Cup,color:white;material:ceramic;condition:used;size:medium,A white mug with a gold and black design.,train,team9_cup_12
images/team9_cup_12_b.jpg,Cup,color:white;material:ceramic;condition:used;size:medium,The bottom of a white mug with a gold and black design.,train,team9_cup_12
images/team9_cup_12_c.jpg,Cup,color:white;material:ceramic;condition:used;size:medium,A white mug with gold details.,train,team9_cup_12
images/team9_cup_12_d.jpg,Cup,color:white;material:ceramic;condition:used;size:medium,A white cup with gold details.,train,team9_cup_12
images/team9_cup_12_e.jpg,Cup,color:white;material:ceramic;condition:used;size:medium,A white cup with a gold handle.,train,team9_cup_12
images/team9_cup_13_a.jpg,Cup,color:white;material:ceramic;condition:used;size:medium,A white mug with a gold rim and a picture of a dancer.,train,team9_cup_13
images/team9_cup_13_b.jpg,Cup,color:white;material:ceramic;condition:used;size:medium,A white cup with a gold rim and a picture of a dancer.,train,team9_cup_13
images/team9_cup_13_c.jpg,Cup,color:white;material:ceramic;condition:used;size:medium,A white cup with gold details.,train,team9_cup_13
images/team9_cup_13_d.jpg,Cup,color:white;material:ceramic;condition:used;size:medium,A white cup with a gold rim and a repaired handle.,train,team9_cup_13
images/team9_cup_13_e.jpg,Cup,color:white;material:ceramic;condition:used;size:medium,A white mug with a gold rim and a picture of a dancer.,train,team9_cup_13
images/team9_earphones_01_a.jpg,earphones,color:white;material:plastic;condition:new;size:small,White plastic earbuds in their open case.,train,team9_earphones_01
images/team9_earphones_01_b.jpg,earphones,color:white;material:plastic;condition:new;size:small,White earbuds and their case on a silver surface.,train,team9_earphones_01
images/team9_earphones_01_c.jpg,earphones,color:white;material:plastic;condition:new;size:small,White plastic earbuds and their case.,train,team9_earphones_01
images/team9_earphones_01_d.jpg,earphones,color:white;material:plastic;condition:new;size:small,A black and white photo of white earbuds in their case.,train,team9_earphones_01
images/team9_earphones_01_e.jpg,earphones,color:white;material:plastic;condition:new;size:small,Two white earbuds on a wood surface.,train,team9_earphones_01
images/team9_earphones_02_a.jpg,earphones,color:white;material:plastic;condition:new;size:small,White earbuds floating over their open case.,train,team9_earphones_02
images/team9_earphones_02_b.jpg,earphones,color:white;material:plastic;condition:new;size:small,White plastic earbuds and their case.,train,team9_earphones_02
images/team9_earphones_02_c.jpg,earphones,color:white;material:plastic;condition:new;size:small,Two see-through white earbuds.,train,team9_earphones_02
images/team9_earphones_02_d.jpg,earphones,color:white;material:plastic;condition:new;size:small,White earbuds on a blue cloth.,train,team9_earphones_02
images/team9_earphones_02_e.jpg,earphones,color:white;material:plastic;condition:new;size:small,White earbuds on an old wood surface.,train,team9_earphones_02
images/team9_earphones_03_a.jpg,earphones,color:blue;material:plastic;condition:new;size:small,An open dark blue case with metal earbuds.,train,team9_earphones_03
images/team9_earphones_03_b.jpg,earphones,color:blue;material:plastic;condition:new;size:small,A blue case with silver earbuds next to it.,train,team9_earphones_03
images/team9_earphones_03_c.jpg,earphones,color:blue;material:plastic;condition:new;size:small,A dark blue case with earbuds inside.,train,team9_earphones_03
images/team9_earphones_03_d.jpg,earphones,color:blue;material:plastic;condition:new;size:small,A dark blue case.,train,team9_earphones_03
images/team9_earphones_03_e.jpg,earphones,color:blue;material:plastic;condition:new;size:small,A dark blue case with silver earbuds.,train,team9_earphones_03
images/team9_earphones_04_a.jpg,earphones,color:green;material:plastic;condition:new;size:small,Black earbuds with silver stems in their open case.,train,team9_earphones_04
images/team9_earphones_04_b.jpg,earphones,color:green;material:plastic;condition:new;size:small,Black earbuds with silver stems in their case.,train,team9_earphones_04
images/team9_earphones_04_c.jpg,earphones,color:green;material:plastic;condition:new;size:small,"Black earbuds with silver stems, and their case.",train,team9_earphones_04
images/team9_earphones_04_d.jpg,earphones,color:green;material:plastic;condition:new;size:small,Shiny black earbuds with silver stems in a case.,train,team9_earphones_04
images/team9_earphones_04_e.jpg,earphones,color:green;material:plastic;condition:new;size:small,Shiny black earbuds with silver stems in their open case.,train,team9_earphones_04
images/team9_earphones_05_a.jpg,earphones,color:blue;material:plastic;condition:new;size:small,A hand holding an open light green earbud case.,train,team9_earphones_05
images/team9_earphones_05_b.jpg,earphones,color:blue;material:plastic;condition:new;size:small,Light green earbuds and their case.,train,team9_earphones_05
images/team9_earphones_05_c.jpg,earphones,color:blue;material:plastic;condition:new;size:small,Shiny blue-green earbuds and their case.,train,team9_earphones_05
images/team9_earphones_05_d.jpg,earphones,color:blue;material:plastic;condition:new;size:small,An open blue-green case with metal earbuds.,train,team9_earphones_05
images/team9_earphones_05_e.jpg,earphones,color:blue;material:plastic;condition:new;size:small,Shiny green earbuds in their open case.,train,team9_earphones_05
images/team9_earphones_06_a.jpg,earphones,color:blue;material:plastic;condition:new;size:small,A blue case with shiny silver earbuds.,train,team9_earphones_06
images/team9_earphones_06_b.jpg,earphones,color:blue;material:plastic;condition:new;size:small,A blue-green case with shiny silver earbuds.,train,team9_earphones_06
images/team9_earphones_06_c.jpg,earphones,color:blue;material:plastic;condition:new;size:small,An open light blue case with shiny earbuds.,train,team9_earphones_06
images/team9_earphones_06_d.jpg,earphones,color:blue;material:plastic;condition:new;size:small,A dark blue case seen from above.,train,team9_earphones_06
images/team9_earphones_06_e.jpg,earphones,color:blue;material:plastic;condition:new;size:small,A light blue case with shiny blue earbuds.,train,team9_earphones_06
images/team9_earphones_07_a.jpg,earphones,color:white;material:plastic;condition:used;size:small,An open white speckled earbud case.,val,team9_earphones_07
images/team9_earphones_07_b.jpg,earphones,color:white;material:plastic;condition:used;size:small,White earbuds and a silver case on wood.,val,team9_earphones_07
images/team9_earphones_07_c.jpg,earphones,color:white;material:plastic;condition:used;size:small,White earbuds in a case with a gray rim.,val,team9_earphones_07
images/team9_earphones_07_d.jpg,earphones,color:white;material:plastic;condition:used;size:small,White earbuds with their case in the background.,val,team9_earphones_07
images/team9_earphones_07_e.jpg,earphones,color:white;material:plastic;condition:used;size:small,White earbuds with silver details in an open case.,val,team9_earphones_07
images/team9_earphones_08_a.jpg,earphones,color:black;material:plastic;condition:new;size:small,A dark speckled plastic case.,train,team9_earphones_08
images/team9_earphones_08_b.jpg,earphones,color:black;material:plastic;condition:new;size:small,Shiny dark gray earbuds in their open case.,train,team9_earphones_08
images/team9_earphones_08_c.jpg,earphones,color:black;material:plastic;condition:new;size:small,A dark speckled case with shiny black earbuds.,train,team9_earphones_08
images/team9_earphones_08_d.jpg,earphones,color:black;material:plastic;condition:new;size:small,A dark gray speckled case and shiny earbuds.,train,team9_earphones_08
images/team9_earphones_08_e.jpg,earphones,color:black;material:plastic;condition:new;size:small,Dark gray earbuds next to their open case.,train,team9_earphones_08
images/team9_earphones_09_a.jpg,earphones,color:white;material:plastic;condition:new;size:small,Gray and white earbuds and their open case.,train,team9_earphones_09
images/team9_earphones_09_b.jpg,earphones,color:white;material:plastic;condition:new;size:small,"White earbuds in their open, two-color case.",train,team9_earphones_09
images/team9_earphones_09_c.jpg,earphones,color:white;material:plastic;condition:new;size:small,A speckled white case on a dark rock.,train,team9_earphones_09
images/team9_earphones_09_d.jpg,earphones,color:white;material:plastic;condition:new;size:small,White earbuds in their open gray case.,train,team9_earphones_09
images/team9_earphones_09_e.jpg,earphones,color:white;material:plastic;condition:new;size:small,White earbuds in their open light purple case.,train,team9_earphones_09
images/team9_earphones_10_a.jpg,earphones,color:black;material:plastic;condition:used;size:small,A person holding an open pink case with black earbuds.,train,team9_earphones_10
images/team9_earphones_10_b.jpg,earphones,color:black;material:plastic;condition:used;size:small,An open black earbud case.,train,team9_earphones_10
images/team9_earphones_10_c.jpg,earphones,color:black;material:plastic;condition:used;size:small,A dark gray case with a shiny yellow-orange lid.,train,team9_earphones_10
images/team9_earphones_10_d.jpg,earphones,color:black;material:plastic;condition:used;size:small,A dark gray case with a see-through dark lid.,train,team9_earphones_10
images/team9_earphones_10_e.jpg,earphones,color:black;material:plastic;condition:used;size:small,A person holding a pink case with a clear lid and dark earbuds.,train,team9_earphones_10
images/team9_earphones_11_a.jpg,earphones,color:white;material:plastic;condition:new;size:small,A pink and silver earbud case.,train,team9_earphones_11
images/team9_earphones_11_b.jpg,earphones,color:white;material:plastic;condition:new;size:small,A hand holding an open case with white earbuds.,train,team9_earphones_11
images/team9_earphones_11_c.jpg,earphones,color:white;material:plastic;condition:new;size:small,White earbuds and their open case.,train,team9_earphones_11
images/team9_earphones_11_d.jpg,earphones,color:white;material:plastic;condition:new;size:small,A hand holding an open white earbud case.,train,team9_earphones_11
images/team9_earphones_11_e.jpg,earphones,color:white;material:plastic;condition:new;size:small,White earbuds and their silver case.,train,team9_earphones_11
images/team9_earphones_12_a.jpg,earphones,color:black;material:plastic;condition:used;size:small,Black earbuds in their open case.,val,team9_earphones_12
images/team9_earphones_12_b.jpg,earphones,color:black;material:plastic;condition:used;size:small,A person holding dark gray earbuds.,val,team9_earphones_12
images/team9_earphones_12_c.jpg,earphones,color:black;material:plastic;condition:used;size:small,A hand holding a black earbud case.,val,team9_earphones_12
images/team9_earphones_12_d.jpg,earphones,color:black;material:plastic;condition:used;size:small,Black earbuds with a blue light in their open case.,val,team9_earphones_12
images/team9_earphones_12_e.jpg,earphones,color:black;material:plastic;condition:used;size:small,A black case with shiny earbuds and blue lights.,val,team9_earphones_12
images/team9_keyboard_01_a.jpg,keyboard,"color:black;material:plastic;condition:used;size:medium",black old keyboard top view,train,team9_keyboard_01
images/team9_keyboard_01_b.jpg,keyboard,"color:black;material:plastic;condition:used;size:medium",black old keyboard rotated top view,train,team9_keyboard_01
images/team9_keyboard_01_c.jpg,keyboard,"color:black;material:plastic;condition:used;size:medium",black old keyboard top view,train,team9_keyboard_01
images/team9_keyboard_01_d.jpg,keyboard,"color:black;material:plastic;condition:used;size:medium",black old keyboard slant view,train,team9_keyboard_01
images/team9_keyboard_02_a.jpg,keyboard,"color:black;material:plastic;condition:new;size:medium",black new keyboard top view,train,team9_keyboard_02
images/team9_keyboard_02_b.jpg,keyboard,"color:black;material:plastic;condition:new;size:medium",black new keyboard slant view,train,team9_keyboard_02
images/team9_keyboard_02_c.jpg,keyboard,"color:black;material:plastic;condition:new;size:medium",black new keyboard slant view,train,team9_keyboard_02
images/team9_keyboard_02_d.jpg,keyboard,"color:black;material:plastic;condition:new;size:medium",black new keyboard top view,train,team9_keyboard_02
images/team9_keyboard_03_a.jpg,keyboard,"color:black;material:plastic;condition:new;size:medium",black keyboard side view,train,team9_keyboard_03
images/team9_keyboard_03_b.jpg,keyboard,"color:black;material:plastic;condition:new;size:medium",black keyboard top view,train,team9_keyboard_03
images/team9_keyboard_03_c.jpg,keyboard,"color:black;material:plastic;condition:new;size:medium",black keyboard slant view,train,team9_keyboard_03
images/team9_keyboard_03_d.jpg,keyboard,"color:black;material:plastic;condition:new;size:medium",black keyboard top view,train,team9_keyboard_03
images/team9_keyboard_04_a.jpg,keyboard,"color:black;material:plastic;condition:new;size:medium",black keyboard top view,train,team9_keyboard_04
images/team9_keyboard_04_b.jpg,keyboard,"color:black;material:plastic;condition:new;size:medium",black keyboard top view,train,team9_keyboard_04
images/team9_keyboard_04_c.jpg,keyboard,"color:black;material:plastic;condition:new;size:medium",black keyboard slant view,train,team9_keyboard_04
images/team9_keyboard_04_d.jpg,keyboard,"color:black;material:plastic;condition:new;size:medium",black keyboard rotated view,train,team9_keyboard_04
images/team9_keyboard_05_a.jpg,keyboard,"color:green;material:plastic;condition:new;size:medium",green keyboard  top view,train,team9_keyboard_05
images/team9_keyboard_05_b.jpg,keyboard,"color:green;material:plastic;condition:new;size:medium",green keyboard  top view,train,team9_keyboard_05
images/team9_keyboard_05_c.jpg,keyboard,"color:green;material:plastic;condition:new;size:medium",green keyboard  top view,train,team9_keyboard_05
images/team9_keyboard_05_d.jpg,keyboard,"color:green;material:plastic;condition:new;size:medium",green keyboard  rotated view,train,team9_keyboard_05
images/team9_keyboard_06_a.jpg,keyboard,"color:green;material:plastic;condition:new;size:medium",light green keyboard top view,val,team9_keyboard_06
images/team9_keyboard_06_b.jpg,keyboard,"color:green;material:plastic;condition:new;size:medium",light green keyboard top view,val,team9_keyboard_06
images/team9_keyboard_06_c.jpg,keyboard,"color:green;material:plastic;condition:new;size:medium",light green keyboard top view,val,team9_keyboard_06
images/team9_keyboard_06_d.jpg,keyboard,"color:green;material:plastic;condition:new;size:medium",light green keyboard slant view,val,team9_keyboard_06
images/team9_keyboard_07_a.jpg,keyboard,"color:white;material:plastic;condition:new;size:medium",white keyboard top view,train,team9_keyboard_07
images/team9_keyboard_07_b.jpg,keyboard,"color:white;material:plastic;condition:new;size:medium",light green keyboard top view,train,team9_keyboard_07
images/team9_keyboard_07_c.jpg,keyboard,"color:white;material:plastic;condition:new;size:medium",light green keyboard top view,train,team9_keyboard_07
images/team9_keyboard_07_d.jpg,keyboard,"color:white;material:plastic;condition:new;size:medium",light green keyboard top view,train,team9_keyboard_07
images/team9_keyboard_08_a.jpg,keyboard,"color:black;material:plastic;condition:new;size:medium",black keyboard top view,train,team9_keyboard_08
images/team9_keyboard_08_b.jpg,keyboard,"color:black;material:plastic;condition:new;size:medium",black keyboard top view,train,team9_keyboard_08
images/team9_keyboard_08_c.jpg,keyboard,"color:black;material:plastic;condition:new;size:medium",black keyboard slanted view,train,team9_keyboard_08
images/team9_keyboard_08_d.jpg,keyboard,"color:black;material:plastic;condition:new;size:medium",black keyboard top view,train,team9_keyboard_08
images/team9_keyboard_09_a.jpg,keyboard,"color:green;material:plastic;condition:new;size:medium",green keys black keyboard slanted view,val,team9_keyboard_09
images/team9_keyboard_09_b.jpg,keyboard,"color:green;material:plastic;condition:new;size:medium",green keys black keyboard topview,val,team9_keyboard_09
images/team9_keyboard_09_c.jpg,keyboard,"color:green;material:plastic;condition:new;size:medium",green keys black keyboard topview,val,team9_keyboard_09
images/team9_keyboard_09_d.jpg,keyboard,"color:green;material:plastic;condition:new;size:medium",green keys black keyboard topview,val,team9_keyboard_09
images/team9_keyboard_10_a.jpg,keyboard,"color:multicolor;material:plastic;condition:new;size:medium",multicolor keyboard top view,train,team9_keyboard_10
images/team9_keyboard_10_b.jpg,keyboard,"color:multicolor;material:plastic;condition:new;size:medium",multicolor keyboard top view,train,team9_keyboard_10
images/team9_keyboard_10_c.jpg,keyboard,"color:multicolor;material:plastic;condition:new;size:medium",multicolor keyboard slanted view,train,team9_keyboard_10
images/team9_keyboard_10_d.jpg,keyboard,"color:multicolor;material:plastic;condition:new;size:medium",multicolor keyboard top view,train,team9_keyboard_10
images/team9_keyboard_11_a.jpg,keyboard,"color:black;material:plastic;condition:new;size:medium",slim black keyboard slanted view,train,team9_keyboard_11
images/team9_keyboard_11_b.jpg,keyboard,"color:black;material:plastic;condition:new;size:medium",slim black keyboard rptated top view,train,team9_keyboard_11
images/team9_keyboard_11_c.jpg,keyboard,"color:black;material:plastic;condition:new;size:medium",slim black keyboard top view,train,team9_keyboard_11
images/team9_keyboard_11_d.jpg,keyboard,"color:black;material:plastic;condition:new;size:medium",slim black keyboard top view,train,team9_keyboard_11
images/team9_keyboard_12_a.jpg,keyboard,"color:black;material:plastic;condition:new;size:medium",smaller black keyboard top view,train,team9_keyboard_12
images/team9_keyboard_12_b.jpg,keyboard,"color:black;material:plastic;condition:new;size:medium",smaller black keyboard top view,train,team9_keyboard_12
images/team9_keyboard_12_c.jpg,keyboard,"color:black;material:plastic;condition:new;size:medium",smaller black keyboard rotated top view,train,team9_keyboard_12
images/team9_keyboard_12_d.jpg,keyboard,"color:black;material:plastic;condition:new;size:medium",smaller black keyboard slanted view,train,team9_keyboard_12
images/team9_keyboard_13_a.jpg,keyboard,"color:black;material:plastic;condition:new;size:medium",black keyboard top view,train,team9_keyboard_13
images/team9_keyboard_13_b.jpg,keyboard,"color:black;material:plastic;condition:new;size:medium",black keyboard top view,train,team9_keyboard_13
images/team9_keyboard_13_c.jpg,keyboard,"color:black;material:plastic;condition:new;size:medium",black keyboard slanted view,train,team9_keyboard_13
images/team9_keyboard_13_d.jpg,keyboard,"color:black;material:plastic;condition:new;size:medium",black keyboard top view,train,team9_keyboard_13
images/team9_keyboard_14_a.jpg,keyboard,"color:black;material:plastic;condition:new;size:medium",coloured key black keyboard top view,train,team9_keyboard_14
images/team9_keyboard_14_b.jpg,keyboard,"color:black;material:plastic;condition:new;size:medium",coloured key black keyboard top view,train,team9_keyboard_14
images/team9_keyboard_14_c.jpg,keyboard,"color:black;material:plastic;condition:new;size:medium",coloured key black keyboard top view,train,team9_keyboard_14
images/team9_keyboard_14_d.jpg,keyboard,"color:black;material:plastic;condition:new;size:medium",coloured key black keyboard top view,train,team9_keyboard_14
images/team9_keyboard_15_a.jpg,keyboard,"color:black;material:plastic;condition:new;size:medium",black keyboard top view,val,team9_keyboard_15
images/team9_keyboard_15_b.jpg,keyboard,"color:black;material:plastic;condition:new;size:medium",black keyboard top view,val,team9_keyboard_15
images/team9_keyboard_15_c.jpg,keyboard,"color:black;material:plastic;condition:new;size:medium",black keyboard slanted view,val,team9_keyboard_15
images/team9_keyboard_15_d.jpg,keyboard,"color:black;material:plastic;condition:new;size:medium",black keyboard top view,val,team9_keyboard_15
images/team9_mouse_01_a.jpg,mouse,"color:black;material:plastic;condition:used;size:small",old black mouse top view,train,team9_mouse_01
images/team9_mouse_01_b.jpg,mouse,"color:black;material:plastic;condition:used;size:small",old black mouse slanted view,train,team9_mouse_01
images/team9_mouse_01_c.jpg,mouse,"color:black;material:plastic;condition:used;size:small",old black mouse top view,train,team9_mouse_01
images/team9_mouse_01_d.jpg,mouse,"color:black;material:plastic;condition:used;size:small",old black mouse front view,train,team9_mouse_01
images/team9_mouse_02_a.jpg,mouse,"color:transparent;material:plastic;condition:new;size:small",transparent mouse side view,train,team9_mouse_02
images/team9_mouse_02_b.jpg,mouse,"color:transparent;material:plastic;condition:new;size:small",transparent mouse back view,train,team9_mouse_02
images/team9_mouse_02_c.jpg,mouse,"color:transparent;material:plastic;condition:new;size:small",transparent mouse side slant view,train,team9_mouse_02
images/team9_mouse_02_d.jpg,mouse,"color:transparent;material:plastic;condition:new;size:small",transparent mouse top view,train,team9_mouse_02
images/team9_mouse_03_a.jpg,mouse,"color:black;material:plastic;condition:used;size:small",black mouse top view,train,team9_mouse_03
images/team9_mouse_03_b.jpg,mouse,"color:black;material:plastic;condition:used;size:small",black mouse side view,train,team9_mouse_03
images/team9_mouse_03_c.jpg,mouse,"color:black;material:plastic;condition:used;size:small",black mouse front view,train,team9_mouse_03
images/team9_mouse_03_d.jpg,mouse,"color:black;material:plastic;condition:used;size:small",black mouse side view,train,team9_mouse_03
images/team9_mouse_04_a.jpg,mouse,"color:black;material:plastic;condition:used;size:small",black mouse top view,train,team9_mouse_04
images/team9_mouse_04_b.jpg,mouse,"color:black;material:plastic;condition:used;size:small",black mouse side view,train,team9_mouse_04
images/team9_mouse_04_c.jpg,mouse,"color:black;material:plastic;condition:used;size:small",black mouse back view,train,team9_mouse_04
images/team9_mouse_04_d.jpg,mouse,"color:black;material:plastic;condition:used;size:small",black mouse side view,train,team9_mouse_04
images/team9_mouse_05_a.jpg,mouse,"color:black;material:plastic;condition:new;size:small",black mouse top view,train,team9_mouse_05
images/team9_mouse_05_b.jpg,mouse,"color:black;material:plastic;condition:new;size:small",black mouse side view,train,team9_mouse_05
images/team9_mouse_05_c.jpg,mouse,"color:black;material:plastic;condition:new;size:small",black mouse slanted top view,train,team9_mouse_05
images/team9_mouse_05_d.jpg,mouse,"color:black;material:plastic;condition:new;size:small",black mouse slanted top view,train,team9_mouse_05
images/team9_mouse_06_a.jpg,mouse,"color:black;material:plastic;condition:new;size:small",black mouse top view,train,team9_mouse_06
images/team9_mouse_06_b.jpg,mouse,"color:black;material:plastic;condition:new;size:small",black mouse slanted top view,train,team9_mouse_06
images/team9_mouse_06_c.jpg,mouse,"color:black;material:plastic;condition:new;size:small",black mouse slanted top view,train,team9_mouse_06
images/team9_mouse_06_d.jpg,mouse,"color:black;material:plastic;condition:new;size:small",black mouse slanted front view,train,team9_mouse_06
images/team9_mouse_07_a.jpg,mouse,"color:green;material:plastic;condition:new;size:small",green mouse top view,train,team9_mouse_07
images/team9_mouse_07_b.jpg,mouse,"color:green;material:plastic;condition:new;size:small",green mouse slanted top view,train,team9_mouse_07
images/team9_mouse_07_c.jpg,mouse,"color:green;material:plastic;condition:new;size:small",green mouse side view,train,team9_mouse_07
images/team9_mouse_07_d.jpg,mouse,"color:green;material:plastic;condition:new;size:small",green mouse side view,train,team9_mouse_07
images/team9_mouse_08_a.jpg,mouse,"color:white;material:plastic;condition:new;size:small",slim white mouse with black base top view,train,team9_mouse_08
images/team9_mouse_08_b.jpg,mouse,"color:white;material:plastic;condition:new;size:small",slim white mouse with black base top slanted view,train,team9_mouse_08
images/team9_mouse_08_c.jpg,mouse,"color:white;material:plastic;condition:new;size:small",slim white mouse with black base side view,train,team9_mouse_08
images/team9_mouse_08_d.jpg,mouse,"color:white;material:plastic;condition:new;size:small",slim white mouse with black base top slanted view,train,team9_mouse_08
images/team9_mouse_09_a.jpg,mouse,"color:black;material:plastic;condition:new;size:small",thick black mouse top view,val,team9_mouse_09
images/team9_mouse_09_b.jpg,mouse,"color:black;material:plastic;condition:new;size:small",thick black mouse top view,val,team9_mouse_09
images/team9_mouse_09_c.jpg,mouse,"color:black;material:plastic;condition:new;size:small",thick black mouse top view,val,team9_mouse_09
images/team9_mouse_09_d.jpg,mouse,"color:black;material:plastic;condition:new;size:small",thick black mouse rotated top view,val,team9_mouse_09
images/team9_mouse_10_a.jpg,mouse,"color:white;material:plastic;condition:new;size:small",slim white mouse top view,train,team9_mouse_10
images/team9_mouse_10_b.jpg,mouse,"color:white;material:plastic;condition:new;size:small",slim white mouse top slanted view,train,team9_mouse_10
images/team9_mouse_10_c.jpg,mouse,"color:white;material:plastic;condition:new;size:small",slim white mouse side slanted view,train,team9_mouse_10
images/team9_mouse_10_d.jpg,mouse,"color:white;material:plastic;condition:new;size:small",slim white mouse side slanted view,train,team9_mouse_10
images/team9_mouse_11_a.jpg,mouse,"color:black;material:plastic;condition:new;size:small",black mouse slanted front view,val,team9_mouse_11
images/team9_mouse_11_b.jpg,mouse,"color:black;material:plastic;condition:new;size:small",black mouse side view,val,team9_mouse_11
images/team9_mouse_11_c.jpg,mouse,"color:black;material:plastic;condition:new;size:small",black mouse top view,val,team9_mouse_11
images/team9_mouse_11_d.jpg,mouse,"color:black;material:plastic;condition:new;size:small",black mouse side view,val,team9_mouse_11
images/team9_mouse_12_a.jpg,mouse,"color:unknown;material:plastic;condition:new;size:small",pink slim mouse top view,train,team9_mouse_12
images/team9_mouse_12_b.jpg,mouse,"color:unknown;material:plastic;condition:new;size:small",pink slim mouse top slanted view,train,team9_mouse_12
images/team9_mouse_12_c.jpg,mouse,"color:unknown;material:plastic;condition:new;size:small",pink slim mouse slanted side view,train,team9_mouse_12
images/team9_mouse_12_d.jpg,mouse,"color:unknown;material:plastic;condition:new;size:small",pink slim mouse side view,train,team9_mouse_12
images/team9_mouse_13_a.jpg,mouse,"color:green;material:plastic;condition:new;size:small",green mouse slanted top view,train,team9_mouse_13
images/team9_mouse_13_b.jpg,mouse,"color:green;material:plastic;condition:new;size:small",green mouse side view,train,team9_mouse_13
images/team9_mouse_13_c.jpg,mouse,"color:green;material:plastic;condition:new;size:small",green mouse front view,train,team9_mouse_13
images/team9_mouse_13_d.jpg,mouse,"color:green;material:plastic;condition:new;size:small",green mouse slanted side view,train,team9_mouse_13
images/team9_mouse_14_a.jpg,mouse,"color:blue;material:plastic;condition:new;size:small",blue mouse top slaned view,train,team9_mouse_14
images/team9_mouse_14_b.jpg,mouse,"color:blue;material:plastic;condition:new;size:small",blue mouse top view,train,team9_mouse_14
images/team9_mouse_14_c.jpg,mouse,"color:blue;material:plastic;condition:new;size:small",blue mouse front view,train,team9_mouse_14
images/team9_mouse_14_d.jpg,mouse,"color:blue;material:plastic;condition:new;size:small",blue mouse slanted front view,train,team9_mouse_14
images/team9_mouse_15_a.jpg,mouse,"color:multicolor;material:plastic;condition:new;size:small",black and white slim mouse top view,val,team9_mouse_15
images/team9_mouse_15_b.jpg,mouse,"color:multicolor;material:plastic;condition:new;size:small",black and white slim mouse top view,val,team9_mouse_15
images/team9_mouse_15_c.jpg,mouse,"color:multicolor;material:plastic;condition:new;size:small",black and white slim mouse top slanted view,val,team9_mouse_15
images/team9_mouse_15_d.jpg,mouse,"color:multicolor;material:plastic;condition:new;size:small",black and white slim mouse top rotated view,val,team9_mouse_15
images/team9_scissor_01_a.jpg,scissor,color:multicolor;material:metal;condition:used;size:medium,close scissor,val,team9_scissor_01
images/team9_scissor_01_b.jpg,scissor,color:multicolor;material:metal;condition:used;size:medium,holding close scissor,val,team9_scissor_01
images/team9_scissor_02_a.jpg,scissor,color:black;material:metal;condition:used;size:large,tailor scissor,train,team9_scissor_02
images/team9_scissor_02_b.jpg,scissor,color:black;material:metal;condition:new;size:large,tailor new scissor,train,team9_scissor_02
images/team9_scissor_03_a.jpg,scissor,color:silver;material:metal;condition:new;size:small,close scissor,train,team9_scissor_03
images/team9_scissor_03_b.jpg,scissor,color:silver;material:metal;condition:new;size:small,close scissor,train,team9_scissor_03
images/team9_scissor_03_c.jpg,scissor,color:silver;material:metal;condition:new;size:small,close scissor,train,team9_scissor_03
images/team9_scissor_03_d.jpg,scissor,color:silver;material:metal;condition:new;size:small,close scissor,train,team9_scissor_03
images/team9_scissor_04_a.jpg,scissor,color:unknown;material:metal;condition:new;size:large,close scissor,val,team9_scissor_04
images/team9_scissor_04_b.jpg,scissor,color:unknown;material:metal;condition:new;size:large,open scissor,val,team9_scissor_04
images/team9_scissor_04_c.jpg,scissor,color:unknown;material:metal;condition:new;size:large,close scissor,val,team9_scissor_04
images/team9_scissor_04_d.jpg,scissor,color:unknown;material:metal;condition:new;size:large,close scissor,val,team9_scissor_04
images/team9_scissor_05_a.jpg,scissor,color:black;material:metal;condition:new;size:small,close scissor,train,team9_scissor_05
images/team9_scissor_05_b.jpg,scissor,color:black;material:metal;condition:new;size:small,open scissor,train,team9_scissor_05
images/team9_scissor_05_c.jpg,scissor,color:black;material:metal;condition:new;size:small,close scissor,train,team9_scissor_05
images/team9_scissor_05_d.jpg,scissor,color:black;material:metal;condition:new;size:small,close scissor,train,team9_scissor_05
images/team9_scissor_06_a.jpg,scissor,color:black;material:metal;condition:used;size:large,open tailor scissor,train,team9_scissor_06
images/team9_scissor_06_b.jpg,scissor,color:black;material:metal;condition:used;size:large,close tailor scissor,train,team9_scissor_06
images/team9_scissor_06_c.jpg,scissor,color:black;material:metal;condition:used;size:large,open tailor scissor,train,team9_scissor_06
images/team9_scissor_06_d.jpg,scissor,color:black;material:metal;condition:used;size:large,close tailor scissor,train,team9_scissor_06
images/team9_scissor_06_e.jpg,scissor,color:black;material:metal;condition:used;size:large,open tailor scissor,train,team9_scissor_06
images/team9_scissor_07_a.jpg,scissor,color:black;material:metal;condition:broken;size:medium,close scissor,train,team9_scissor_07
images/team9_scissor_07_b.jpg,scissor,color:black;material:metal;condition:broken;size:medium,open scissor,train,team9_scissor_07
images/team9_scissor_07_c.jpg,scissor,color:black;material:metal;condition:broken;size:medium,close scissor,train,team9_scissor_07
images/team9_scissor_07_d.jpg,scissor,color:black;material:metal;condition:broken;size:medium,open scissor,train,team9_scissor_07
images/team9_scissor_07_e.jpg,scissor,color:black;material:metal;condition:broken;size:medium,scissor top view,train,team9_scissor_07
images/team9_scissor_08_a.jpg,scissor,color:black;material:metal;condition:used;size:small,closed scissor,train,team9_scissor_08
images/team9_scissor_08_b.jpg,scissor,color:black;material:metal;condition:used;size:small,closed scissor,train,team9_scissor_08
images/team9_scissor_08_c.jpg,scissor,color:black;material:metal;condition:used;size:small,open scissor,train,team9_scissor_08
images/team9_scissor_08_d.jpg,scissor,color:black;material:metal;condition:used;size:small,closed scissor,train,team9_scissor_08
images/team9_scissor_08_e.jpg,scissor,color:black;material:metal;condition:used;size:small,open scissor,train,team9_scissor_08
images/team9_scissor_09_a.jpg,scissor,color:unknown;material:metal;condition:used;size:small,close scissor,val,team9_scissor_09
images/team9_scissor_09_b.jpg,scissor,color:unknown;material:metal;condition:used;size:small,close scissor,val,team9_scissor_09
images/team9_scissor_09_c.jpg,scissor,color:unknown;material:metal;condition:used;size:small,open scissor,val,team9_scissor_09
images/team9_scissor_09_d.jpg,scissor,color:unknown;material:metal;condition:used;size:small,open scissor,val,team9_scissor_09
images/team9_scissor_09_e.jpg,scissor,color:unknown;material:metal;condition:used;size:small,close scissor,val,team9_scissor_09
images/team9_scissor_10_a.jpg,scissor,color:unknown;material:metal;condition:used;size:medium,open scissor,val,team9_scissor_10
images/team9_scissor_10_b.jpg,scissor,color:unknown;material:metal;condition:used;size:medium,open scissor,val,team9_scissor_10
images/team9_scissor_10_c.jpg,scissor,color:unknown;material:metal;condition:used;size:medium,close scissor,val,team9_scissor_10
images/team9_scissor_10_d.jpg,scissor,color:unknown;material:metal;condition:used;size:medium,close scissor,val,team9_scissor_10
images/team9_scissor_11_a.jpg,scissor,color:unknown;material:metal;condition:used;size:medium,orange close scissor,train,team9_scissor_11
images/team9_scissor_11_b.jpg,scissor,color:unknown;material:metal;condition:used;size:medium,orange close scissor,train,team9_scissor_11
images/team9_scissor_11_c.jpg,scissor,color:unknown;material:metal;condition:used;size:medium,orange close scissor side view,train,team9_scissor_11
images/team9_scissor_11_d.jpg,scissor,color:unknown;material:metal;condition:used;size:medium,orange close scissor top view,train,team9_scissor_11
images/team9_scissor_11_e.jpg,scissor,color:unknown;material:metal;condition:used;size:medium,orange close scissor top view,train,team9_scissor_11
images/team9_scissor_12_a.jpg,scissor,color:unknown;material:metal;condition:used;size:medium,yellow close scissor,train,team9_scissor_12
images/team9_scissor_12_b.jpg,scissor,color:unknown;material:metal;condition:used;size:medium,yellow close scissor,train,team9_scissor_12
images/team9_scissor_12_c.jpg,scissor,color:unknown;material:metal;condition:used;size:medium,yellow close scissor,train,team9_scissor_12
images/team9_scissor_12_d.jpg,scissor,color:unknown;material:metal;condition:used;size:medium,yellow close scissor,train,team9_scissor_12
images/team9_scissor_12_e.jpg,scissor,color:unknown;material:metal;condition:used;size:medium,yellow close scissor,train,team9_scissor_12
images/team9_scissor_13_a.jpg,scissor,color:unknown;material:metal;condition:used;size:large,orange close scissor,train,team9_scissor_13
images/team9_scissor_13_b.jpg,scissor,color:unknown;material:metal;condition:used;size:large,orange close scissor,train,team9_scissor_13
images/team9_scissor_13_c.jpg,scissor,color:unknown;material:metal;condition:used;size:large,orange open scissor,train,team9_scissor_13
images/team9_scissor_13_d.jpg,scissor,color:unknown;material:metal;condition:used;size:large,orange close scissor,train,team9_scissor_13
images/team9_scissor_13_e.jpg,scissor,color:unknown;material:metal;condition:used;size:large,orange close scissor,train,team9_scissor_13
images/team9_scissor_14_a.jpg,scissor,color:unknown;material:metal;condition:used;size:medium,orange open scissor,train,team9_scissor_14
images/team9_scissor_14_b.jpg,scissor,color:unknown;material:metal;condition:used;size:medium,orange open scissor,train,team9_scissor_14
images/team9_scissor_14_c.jpg,scissor,color:unknown;material:metal;condition:used;size:medium,orange open scissor,train,team9_scissor_14
images/team9_scissor_14_d.jpg,scissor,color:unknown;material:metal;condition:used;size:medium,orange close scissor,train,team9_scissor_14
images/team9_scissor_14_e.jpg,scissor,color:unknown;material:metal;condition:used;size:medium,orange open scissor,train,team9_scissor_14
images/team9_sneakers_01_a.jpg,sneakers,"color:multicolor;material:fabric;condition:new;size:medium",multicolour sneakers outer side view,train,team9_sneakers_01
images/team9_sneakers_01_b.jpg,sneakers,"color:multicolor;material:fabric;condition:new;size:medium",multicolour sneakers inner side view,train,team9_sneakers_01
images/team9_sneakers_01_c.jpg,sneakers,"color:multicolor;material:fabric;condition:new;size:medium",multicolour sneakers top rotated view,train,team9_sneakers_01
images/team9_sneakers_01_d.jpg,sneakers,"color:multicolor;material:fabric;condition:new;size:medium",multicolour sneakers top view,train,team9_sneakers_01
images/team9_sneakers_02_a.jpg,sneakers,"color:multicolor;material:fabric;condition:new;size:medium",multicolour sneakers outer side view,train,team9_sneakers_02
images/team9_sneakers_02_b.jpg,sneakers,"color:multicolor;material:fabric;condition:new;size:medium",multicolour sneakers top view,train,team9_sneakers_02
images/team9_sneakers_02_c.jpg,sneakers,"color:multicolor;material:fabric;condition:new;size:medium",multicolour sneakers inner side view,train,team9_sneakers_02
images/team9_sneakers_02_d.jpg,sneakers,"color:multicolor;material:fabric;condition:new;size:medium",multicolour sneakers inner side view,train,team9_sneakers_02
images/team9_sneakers_03_a.jpg,sneakers,"color:black;material:fabric;condition:new;size:medium",black sneakers inner side view,val,team9_sneakers_03
images/team9_sneakers_03_b.jpg,sneakers,"color:black;material:fabric;condition:new;size:medium",black sneakers top view,val,team9_sneakers_03
images/team9_sneakers_03_c.jpg,sneakers,"color:black;material:fabric;condition:new;size:medium",black sneakers top view,val,team9_sneakers_03
images/team9_sneakers_03_d.jpg,sneakers,"color:black;material:fabric;condition:new;size:medium",black sneakers top rotated view,val,team9_sneakers_03
images/team9_sneakers_04_a.jpg,sneakers,"color:unknown;material:fabric;condition:new;size:medium",multicolour sneakers outer side view,train,team9_sneakers_04
images/team9_sneakers_04_b.jpg,sneakers,"color:unknown;material:fabric;condition:new;size:medium",multicolour sneakers outer side view,train,team9_sneakers_04
images/team9_sneakers_04_c.jpg,sneakers,"color:unknown;material:fabric;condition:new;size:medium",multicolour sneakers top view,train,team9_sneakers_04
images/team9_sneakers_04_d.jpg,sneakers,"color:unknown;material:fabric;condition:new;size:medium",multicolour sneakers back view,train,team9_sneakers_04
images/team9_sneakers_05_a.jpg,sneakers,"color:multicolor;material:fabric;condition:new;size:medium",multicolour sneakers outer side view,train,team9_sneakers_05
images/team9_sneakers_05_b.jpg,sneakers,"color:multicolor;material:fabric;condition:new;size:medium",multicolour sneakers outer side view,train,team9_sneakers_05
images/team9_sneakers_05_c.jpg,sneakers,"color:multicolor;material:fabric;condition:new;size:medium",multicolour sneakers top rotated view,train,team9_sneakers_05
images/team9_sneakers_05_d.jpg,sneakers,"color:multicolor;material:fabric;condition:new;size:medium",multicolour sneakers top view,train,team9_sneakers_05
images/team9_sneakers_06_a.jpg,sneakers,"color:blue;material:fabric;condition:new;size:medium",blue sneakers outer side view,val,team9_sneakers_06
images/team9_sneakers_06_b.jpg,sneakers,"color:blue;material:fabric;condition:new;size:medium",blue sneakers top view,val,team9_sneakers_06
images/team9_sneakers_06_c.jpg,sneakers,"color:blue;material:fabric;condition:new;size:medium",blue sneakers outer side view,val,team9_sneakers_06
images/team9_sneakers_06_d.jpg,sneakers,"color:blue;material:fabric;condition:new;size:medium",blue sneakers slanted outer side view,val,team9_sneakers_06
images/team9_sneakers_07_a.jpg,sneakers,"color:unknown;material:fabric;condition:new;size:medium",brown sneakers slanted outer side view,train,team9_sneakers_07
images/team9_sneakers_07_b.jpg,sneakers,"color:unknown;material:fabric;condition:new;size:medium",brown sneakers rotated outer side view,train,team9_sneakers_07
images/team9_sneakers_07_c.jpg,sneakers,"color:unknown;material:fabric;condition:new;size:medium",brown sneakers inner side view,train,team9_sneakers_07
images/team9_sneakers_07_d.jpg,sneakers,"color:unknown;material:fabric;condition:new;size:medium",brown sneakers outer side view,train,team9_sneakers_07
images/team9_sneakers_08_a.jpg,sneakers,"color:blue;material:fabric;condition:new;size:medium",blue sneakers front slanted view,train,team9_sneakers_08
images/team9_sneakers_08_b.jpg,sneakers,"color:blue;material:fabric;condition:new;size:medium",blue sneakers outer side view,train,team9_sneakers_08
images/team9_sneakers_08_c.jpg,sneakers,"color:blue;material:fabric;condition:new;size:medium",blue sneakers top view,train,team9_sneakers_08
images/team9_sneakers_08_d.jpg,sneakers,"color:blue;material:fabric;condition:new;size:medium",blue sneakers front view,train,team9_sneakers_08
images/team9_sneakers_09_a.jpg,sneakers,"color:multicolor;material:fabric;condition:new;size:medium",black and blue sneakers outer side view,train,team9_sneakers_09
images/team9_sneakers_09_b.jpg,sneakers,"color:multicolor;material:fabric;condition:new;size:medium",black and blue sneakers front view,train,team9_sneakers_09
images/team9_sneakers_09_c.jpg,sneakers,"color:multicolor;material:fabric;condition:new;size:medium",black and blue sneakers inner side view,train,team9_sneakers_09
images/team9_sneakers_09_d.jpg,sneakers,"color:multicolor;material:fabric;condition:new;size:medium",black and blue sneakers top view,train,team9_sneakers_09
images/team9_sneakers_10_a.jpg,sneakers,"color:white;material:fabric;condition:new;size:medium",white sneakers with coloured spots slanted front view,val,team9_sneakers_10
images/team9_sneakers_10_b.jpg,sneakers,"color:white;material:fabric;condition:new;size:medium",white sneakers with coloured spots top view,val,team9_sneakers_10
images/team9_sneakers_10_c.jpg,sneakers,"color:white;material:fabric;condition:new;size:medium",white sneakers with coloured spots outer side view,val,team9_sneakers_10
images/team9_sneakers_10_d.jpg,sneakers,"color:white;material:fabric;condition:new;size:medium",white sneakers with coloured spots slanted inner side view,val,team9_sneakers_10
images/team9_sneakers_11_a.jpg,sneakers,"color:unknown;material:fabric;condition:new;size:medium",yellow sneakers with white base outer side view,train,team9_sneakers_11
images/team9_sneakers_11_b.jpg,sneakers,"color:unknown;material:fabric;condition:new;size:medium",yellow sneakers with white base outer side slanted view,train,team9_sneakers_11
images/team9_sneakers_11_c.jpg,sneakers,"color:unknown;material:fabric;condition:new;size:medium",yellow sneakers with white base top rotated view,train,team9_sneakers_11
images/team9_sneakers_11_d.jpg,sneakers,"color:unknown;material:fabric;condition:new;size:medium",yellow sneakers with white base outer side view,train,team9_sneakers_11
images/team9_sneakers_12_a.jpg,sneakers,"color:green;material:fabric;condition:new;size:medium",green sneakers with white base outer side view,train,team9_sneakers_12
images/team9_sneakers_12_b.jpg,sneakers,"color:green;material:fabric;condition:new;size:medium",green sneakers with white base outer side view,train,team9_sneakers_12
images/team9_sneakers_12_c.jpg,sneakers,"color:green;material:fabric;condition:new;size:medium",green sneakers with white base top view,train,team9_sneakers_12
images/team9_sneakers_12_d.jpg,sneakers,"color:green;material:fabric;condition:new;size:medium",green sneakers with white base inner side slanted view,train,team9_sneakers_12
images/team9_sneakers_13_a.jpg,sneakers,"color:multicolor;material:fabric;condition:new;size:medium",white and green sneakers outer side view,train,team9_sneakers_13
images/team9_sneakers_13_b.jpg,sneakers,"color:multicolor;material:fabric;condition:new;size:medium",white and green sneakers top slanted view,train,team9_sneakers_13
images/team9_sneakers_13_c.jpg,sneakers,"color:multicolor;material:fabric;condition:new;size:medium",white and green sneakers outer side slanted view,train,team9_sneakers_13
images/team9_sneakers_13_d.jpg,sneakers,"color:multicolor;material:fabric;condition:new;size:medium",white and green sneakers inner side view,train,team9_sneakers_13
images/team9_sneakers_14_a.jpg,sneakers,"color:multicolor;material:fabric;condition:new;size:medium",black and red sneakers outer side view,train,team9_sneakers_14
images/team9_sneakers_14_b.jpg,sneakers,"color:multicolor;material:fabric;condition:new;size:medium",black and red sneakers top slanted view,train,team9_sneakers_14
images/team9_sneakers_14_c.jpg,sneakers,"color:multicolor;material:fabric;condition:new;size:medium",black and red sneakers top view,train,team9_sneakers_14
images/team9_sneakers_14_d.jpg,sneakers,"color:multicolor;material:fabric;condition:new;size:medium",black and red sneakers outer side view,train,team9_sneakers_14
images/team9_sneakers_15_a.jpg,sneakers,"color:unknown;material:fabric;condition:new;size:medium",canewood coloured sneaker outer side view,train,team9_sneakers_15
images/team9_sneakers_15_b.jpg,sneakers,"color:unknown;material:fabric;condition:new;size:medium",canewood coloured sneaker outer side slanted view,train,team9_sneakers_15
images/team9_sneakers_15_c.jpg,sneakers,"color:unknown;material:fabric;condition:new;size:medium",canewood coloured sneaker top view,train,team9_sneakers_15
images/team9_sneakers_15_d.jpg,sneakers,"color:unknown;material:fabric;condition:new;size:medium",canewood coloured sneaker inner side slanted view,train,team9_sneakers_15
images/team9_umbrella_01_a.jpg,umbrella,color:unknown;material:fabric;condition:new;size:medium,open umbrella,train,team9_umbrella_01
images/team9_umbrella_01_b.jpg,umbrella,color:unknown;material:fabric;condition:new;size:medium,open umbrella,train,team9_umbrella_01
images/team9_umbrella_01_c.jpg,umbrella,color:unknown;material:fabric;condition:new;size:medium,close umbrella,train,team9_umbrella_01
images/team9_umbrella_02_a.jpg,umbrella,color:blue;material:fabric;condition:new;size:medium,close umbrella,train,team9_umbrella_02
images/team9_umbrella_03_a.jpg,umbrella,color:transparent;material:fabric;condition:new;size:medium,open umbrella,train,team9_umbrella_03
images/team9_umbrella_03_b.jpg,umbrella,color:transparent;material:fabric;condition:new;size:medium,open umbrella,train,team9_umbrella_03
images/team9_umbrella_03_c.jpg,umbrella,color:transparent;material:fabric;condition:new;size:medium,open umbrella,train,team9_umbrella_03
images/team9_umbrella_03_d.jpg,umbrella,color:transparent;material:fabric;condition:new;size:medium,close umbrella,train,team9_umbrella_03
images/team9_umbrella_04_a.jpg,umbrella,color:black;material:fabric;condition:new;size:medium,open umbrella,train,team9_umbrella_04
images/team9_umbrella_04_b.jpg,umbrella,color:black;material:fabric;condition:new;size:medium,open umbrella,train,team9_umbrella_04
images/team9_umbrella_04_c.jpg,umbrella,color:black;material:fabric;condition:new;size:medium,close umbrella,train,team9_umbrella_04
images/team9_umbrella_04_d.jpg,umbrella,color:black;material:fabric;condition:new;size:medium,close umbrella,train,team9_umbrella_04
images/team9_umbrella_04_e.jpg,umbrella,color:black;material:fabric;condition:new;size:medium,close umbrella,train,team9_umbrella_04
images/team9_umbrella_05_a.jpg,umbrella,color:unknown;material:fabric;condition:used;size:small,close umbrella,train,team9_umbrella_05
images/team9_umbrella_05_b.jpg,umbrella,color:unknown;material:fabric;condition:used;size:small,close umbrella,train,team9_umbrella_05
images/team9_umbrella_05_c.jpg,umbrella,color:unknown;material:fabric;condition:used;size:small,open umbrella,train,team9_umbrella_05
images/team9_umbrella_05_d.jpg,umbrella,color:unknown;material:fabric;condition:used;size:small,open umbrella,train,team9_umbrella_05
images/team9_umbrella_06_a.jpg,umbrella,color:multicolor;material:fabric;condition:used;size:large,close umbrella,val,team9_umbrella_06
images/team9_umbrella_06_b.jpg,umbrella,color:multicolor;material:fabric;condition:used;size:large,close umbrella,val,team9_umbrella_06
images/team9_umbrella_06_c.jpg,umbrella,color:multicolor;material:fabric;condition:used;size:large,open umbrella,val,team9_umbrella_06
images/team9_umbrella_06_d.jpg,umbrella,color:multicolor;material:fabric;condition:used;size:large,open umbrella,val,team9_umbrella_06
images/team9_umbrella_06_e.jpg,umbrella,color:multicolor;material:fabric;condition:used;size:large,open umbrella,val,team9_umbrella_06
images/team9_umbrella_07_a.jpg,umbrella,color:unknown;material:plastic;condition:used;size:large,close umbrella,train,team9_umbrella_07
images/team9_umbrella_07_b.jpg,umbrella,color:unknown;material:plastic;condition:used;size:large,open umbrella,train,team9_umbrella_07
images/team9_umbrella_07_c.jpg,umbrella,color:unknown;material:plastic;condition:used;size:large,open umbrella,train,team9_umbrella_07
images/team9_umbrella_07_d.jpg,umbrella,color:unknown;material:plastic;condition:used;size:large,open umbrella,train,team9_umbrella_07
images/team9_umbrella_07_e.jpg,umbrella,color:unknown;material:plastic;condition:used;size:large,close umbrella,train,team9_umbrella_07
images/team9_umbrella_08_a.jpg,umbrella,color:green;material:fabric;condition:used;size:medium,open umbrella,train,team9_umbrella_08
images/team9_umbrella_08_b.jpg,umbrella,color:green;material:fabric;condition:used;size:medium,close umbrella,train,team9_umbrella_08
images/team9_umbrella_08_c.jpg,umbrella,color:green;material:fabric;condition:used;size:medium,close umbrella,train,team9_umbrella_08
images/team9_umbrella_08_d.jpg,umbrella,color:green;material:fabric;condition:used;size:medium,open umbrella,train,team9_umbrella_08
images/team9_umbrella_08_e.jpg,umbrella,color:green;material:fabric;condition:used;size:medium,umbrella bottom view,train,team9_umbrella_08
images/team9_umbrella_09_a.jpg,umbrella,color:black;material:fabric;condition:used;size:medium,open umbrella,train,team9_umbrella_09
images/team9_umbrella_09_b.jpg,umbrella,color:black;material:fabric;condition:used;size:medium,close umbrella,train,team9_umbrella_09
images/team9_umbrella_09_c.jpg,umbrella,color:black;material:fabric;condition:used;size:medium,close umbrella,train,team9_umbrella_09
images/team9_umbrella_10_a.jpg,umbrella,color:black;material:fabric;condition:used;size:small,close umbrella,val,team9_umbrella_10
images/team9_umbrella_10_b.jpg,umbrella,color:black;material:fabric;condition:used;size:small,close umbrella,val,team9_umbrella_10
images/team9_umbrella_10_c.jpg,umbrella,color:black;material:fabric;condition:used;size:small,open umbrella,val,team9_umbrella_10
images/team9_umbrella_10_d.jpg,umbrella,color:black;material:fabric;condition:used;size:small,open umbrella,val,team9_umbrella_10
images/team9_umbrella_11_a.jpg,umbrella,color:black;material:fabric;condition:used;size:small,hanging umbrella,train,team9_umbrella_11
images/team9_umbrella_11_b.jpg,umbrella,color:black;material:fabric;condition:used;size:small,half close umbrella,train,team9_umbrella_11
images/team9_umbrella_12_a.jpg,umbrella,color:black;material:fabric;condition:used;size:medium,open umbrella,train,team9_umbrella_12
images/team9_umbrella_12_b.jpg,umbrella,color:black;material:fabric;condition:used;size:medium,open umbrella,train,team9_umbrella_12
images/team9_umbrella_12_c.jpg,umbrella,color:black;material:fabric;condition:used;size:medium,open umbrella,train,team9_umbrella_12
images/team9_umbrella_13_a.jpg,umbrella,color:black;material:fabric;condition:used;size:medium,close umbrella,train,team9_umbrella_13
images/team9_umbrella_13_b.jpg,umbrella,color:black;material:fabric;condition:used;size:medium,close umbrella,train,team9_umbrella_13
images/team9_umbrella_13_c.jpg,umbrella,color:black;material:fabric;condition:used;size:medium,open umbrella,train,team9_umbrella_13
images/team9_umbrella_13_d.jpg,umbrella,color:black;material:fabric;condition:used;size:medium,open umbrella,train,team9_umbrella_13
images/team9_umbrella_14_a.jpg,umbrella,color:green;material:fabric;condition:used;size:medium,close umbrella,train,team9_umbrella_14
images/team9_umbrella_14_b.jpg,umbrella,color:green;material:fabric;condition:used;size:medium,close umbrella,train,team9_umbrella_14
images/team9_umbrella_14_c.jpg,umbrella,color:green;material:fabric;condition:used;size:medium,open umbrella,train,team9_umbrella_14
images/team9_umbrella_14_d.jpg,umbrella,color:green;material:fabric;condition:used;size:medium,open umbrella,train,team9_umbrella_14
images/team9_umbrella_15_a.jpg,umbrella,color:multicolor;material:fabric;condition:used;size:large,open umbrella,train,team9_umbrella_15
images/team9_umbrella_15_b.jpg,umbrella,color:multicolor;material:fabric;condition:used;size:large,open umbrella,train,team9_umbrella_15
images/team9_umbrella_15_c.jpg,umbrella,color:multicolor;material:fabric;condition:used;size:large,close umbrella,train,team9_umbrella_15
images/team9_umbrella_15_d.jpg,umbrella,color:multicolor;material:fabric;condition:used;size:large,close umbrella,train,team9_umbrella_15
images/team9_umbrella_16_a.jpg,umbrella,color:black;material:fabric;condition:used;size:medium,close umbrella,val,team9_umbrella_16
images/team9_umbrella_16_b.jpg,umbrella,color:black;material:fabric;condition:used;size:medium,close umbrella,val,team9_umbrella_16
images/team9_umbrella_16_c.jpg,umbrella,color:black;material:fabric;condition:used;size:medium,open umbrella,val,team9_umbrella_16
images/team9_umbrella_16_d.jpg,umbrella,color:black;material:fabric;condition:used;size:medium,close umbrella,val,team9_umbrella_16
images/team9_wristwatch_01_a.jpg,wristwatch,color:silver;material:metal;condition:used;size:medium,analog watch blue dial,train,team9_wristwatch_01
images/team9_wristwatch_01_b.jpg,wristwatch,color:silver;material:metal;condition:used;size:medium,analog watch blue dial,train,team9_wristwatch_01
images/team9_wristwatch_01_c.jpg,wristwatch,color:silver;material:metal;condition:used;size:medium,analog watch blue dial,train,team9_wristwatch_01
images/team9_wristwatch_01_d.jpg,wristwatch,color:silver;material:metal;condition:used;size:medium,analog watch blue dial,train,team9_wristwatch_01
images/team9_wristwatch_02_a.jpg,wristwatch,color:black;material:metal;condition:new;size:medium,analog watch,val,team9_wristwatch_02
images/team9_wristwatch_02_b.jpg,wristwatch,color:black;material:metal;condition:new;size:medium,analog watch,val,team9_wristwatch_02
images/team9_wristwatch_02_c.jpg,wristwatch,color:black;material:metal;condition:new;size:medium,analog watch,val,team9_wristwatch_02
images/team9_wristwatch_03_a.jpg,wristwatch,color:black;material:plastic;condition:used;size:medium,digital watch,train,team9_wristwatch_03
images/team9_wristwatch_03_b.jpg,wristwatch,color:black;material:plastic;condition:used;size:medium,digital watch,train,team9_wristwatch_03
images/team9_wristwatch_03_c.jpg,wristwatch,color:black;material:plastic;condition:used;size:medium,digital watch,train,team9_wristwatch_03
images/team9_wristwatch_03_d.jpg,wristwatch,color:black;material:plastic;condition:used;size:medium,digital watch,train,team9_wristwatch_03
images/team9_wristwatch_04_a.jpg,wristwatch,color:silver;material:metal;condition:used;size:small,analog watch,train,team9_wristwatch_04
images/team9_wristwatch_04_b.jpg,wristwatch,color:silver;material:metal;condition:used;size:small,analog watch,train,team9_wristwatch_04
images/team9_wristwatch_04_c.jpg,wristwatch,color:silver;material:metal;condition:used;size:small,analog watch,train,team9_wristwatch_04
images/team9_wristwatch_04_d.jpg,wristwatch,color:silver;material:metal;condition:used;size:small,analog watch,train,team9_wristwatch_04
images/team9_wristwatch_05_a.jpg,wristwatch,color:unknown;material:metal;condition:used;size:small,analog watch,train,team9_wristwatch_05
images/team9_wristwatch_05_b.jpg,wristwatch,color:unknown;material:metal;condition:used;size:small,analog watch,train,team9_wristwatch_05
images/team9_wristwatch_05_c.jpg,wristwatch,color:unknown;material:metal;condition:used;size:small,analog watch,train,team9_wristwatch_05
images/team9_wristwatch_05_d.jpg,wristwatch,color:unknown;material:metal;condition:used;size:small,analog watch,train,team9_wristwatch_05
images/team9_wristwatch_05_e.jpg,wristwatch,color:unknown;material:metal;condition:used;size:small,analog watch,train,team9_wristwatch_05
images/team9_wristwatch_06_a.jpg,wristwatch,color:black;material:plastic;condition:used;size:medium,analog watch,val,team9_wristwatch_06
images/team9_wristwatch_06_b.jpg,wristwatch,color:black;material:plastic;condition:used;size:medium,analog watch,val,team9_wristwatch_06
images/team9_wristwatch_06_c.jpg,wristwatch,color:black;material:plastic;condition:used;size:medium,analog watch,val,team9_wristwatch_06
images/team9_wristwatch_07_a.jpg,wristwatch,color:multicolor;material:metal;condition:used;size:medium,analog watch,train,team9_wristwatch_07
images/team9_wristwatch_07_b.jpg,wristwatch,color:multicolor;material:metal;condition:used;size:medium,analog watch,train,team9_wristwatch_07
images/team9_wristwatch_07_c.jpg,wristwatch,color:multicolor;material:metal;condition:used;size:medium,analog watch,train,team9_wristwatch_07
images/team9_wristwatch_07_d.jpg,wristwatch,color:multicolor;material:metal;condition:used;size:medium,analog watch,train,team9_wristwatch_07
images/team9_wristwatch_07_e.jpg,wristwatch,color:multicolor;material:metal;condition:used;size:medium,analog watch,train,team9_wristwatch_07
images/team9_wristwatch_08_a.jpg,wristwatch,color:black;material:metal;condition:used;size:medium,analog watch,train,team9_wristwatch_08
images/team9_wristwatch_08_b.jpg,wristwatch,color:black;material:metal;condition:used;size:medium,analog watch,train,team9_wristwatch_08
images/team9_wristwatch_08_c.jpg,wristwatch,color:black;material:metal;condition:used;size:medium,analog watch,train,team9_wristwatch_08
images/team9_wristwatch_08_d.jpg,wristwatch,color:black;material:metal;condition:used;size:medium,analog watch,train,team9_wristwatch_08
images/team9_wristwatch_09_a.jpg,wristwatch,color:blue;material:metal;condition:used;size:medium,analog watch,train,team9_wristwatch_09
images/team9_wristwatch_09_b.jpg,wristwatch,color:blue;material:metal;condition:used;size:medium,analog watch,train,team9_wristwatch_09
images/team9_wristwatch_09_c.jpg,wristwatch,color:blue;material:metal;condition:used;size:medium,analog watch,train,team9_wristwatch_09
images/team9_wristwatch_09_d.jpg,wristwatch,color:blue;material:metal;condition:used;size:medium,analog watch,train,team9_wristwatch_09
images/team9_wristwatch_10_a.jpg,wristwatch,color:multicolor;material:unknown;condition:used;size:medium,watch side view,train,team9_wristwatch_10
images/team9_wristwatch_10_b.jpg,wristwatch,color:multicolor;material:unknown;condition:used;size:medium,watch with orange straps,train,team9_wristwatch_10
images/team9_wristwatch_10_c.jpg,wristwatch,color:multicolor;material:unknown;condition:used;size:medium,watch with round dial,train,team9_wristwatch_10
images/team9_wristwatch_10_d.jpg,wristwatch,color:multicolor;material:unknown;condition:used;size:medium,watch with round dial,train,team9_wristwatch_10
images/team9_wristwatch_10_e.jpg,wristwatch,color:multicolor;material:unknown;condition:used;size:medium,watch with round dial,train,team9_wristwatch_10
images/team9_wristwatch_11_a.jpg,wristwatch,color:multicolor;material:unknown;condition:used;size:medium,analog watch,val,team9_wristwatch_11
images/team9_wristwatch_11_b.jpg,wristwatch,color:multicolor;material:unknown;condition:used;size:medium,analog watch,val,team9_wristwatch_11
images/team9_wristwatch_11_c.jpg,wristwatch,color:multicolor;material:unknown;condition:used;size:medium,analog watch,val,team9_wristwatch_11
images/team9_wristwatch_11_d.jpg,wristwatch,color:multicolor;material:unknown;condition:used;size:medium,analog watch,val,team9_wristwatch_11
images/team9_wristwatch_11_e.jpg,wristwatch,color:multicolor;material:unknown;condition:used;size:medium,analog watch,val,team9_wristwatch_11
images/team9_wristwatch_12_a.jpg,wristwatch,color:unknown;material:metal;condition:used;size:medium,analog watch,train,team9_wristwatch_12
images/team9_wristwatch_12_b.jpg,wristwatch,color:unknown;material:metal;condition:used;size:medium,analog watch,train,team9_wristwatch_12
images/team9_wristwatch_13_a.jpg,wristwatch,color:black;material:plastic;condition:used;size:medium,digital watch,train,team9_wristwatch_13
images/team9_wristwatch_13_b.jpg,wristwatch,color:black;material:plastic;condition:used;size:medium,digital watch,train,team9_wristwatch_13
images/team9_wristwatch_13_c.jpg,wristwatch,color:black;material:plastic;condition:used;size:medium,digital on watch,train,team9_wristwatch_13
images/team9_wristwatch_13_d.jpg,wristwatch,color:black;material:plastic;condition:used;size:medium,digital watch,train,team9_wristwatch_13
images/team9_wristwatch_14_a.jpg,wristwatch,color:black;material:metal;condition:used;size:medium,analog watch,train,team9_wristwatch_14
images/team9_wristwatch_14_b.jpg,wristwatch,color:black;material:metal;condition:used;size:medium,analog watch,train,team9_wristwatch_14
images/team9_wristwatch_14_c.jpg,wristwatch,color:black;material:metal;condition:used;size:medium,analog watch,train,team9_wristwatch_14
images/team9_wristwatch_15_a.jpg,wristwatch,color:silver;material:metal;condition:used;size:medium,analog watch,train,team9_wristwatch_15
images/team9_wristwatch_15_b.jpg,wristwatch,color:silver;material:metal;condition:used;size:medium,analog watch,train,team9_wristwatch_15
images/team9_wristwatch_15_c.jpg,wristwatch,color:silver;material:metal;condition:used;size:medium,analog watch,train,team9_wristwatch_15
images/team9_wristwatch_15_d.jpg,wristwatch,color:silver;material:metal;condition:used;size:medium,analog watch,train,team9_wristwatch_15
images/team9_wristwatch_15_e.jpg,wristwatch,color:silver;material:metal;condition:used;size:medium,analog watch,train,team9_wristwatch_15
